Customer_ID,Age,Spending_Score
1,21,10
2,28,23
3,35,36
4,42,49
5,49,62
6,56,75
7,63,88
8,22,1
9,29,14
10,36,27
11,43,40
12,50,53
13,57,66
14,64,79
15,23,92
16,30,5
17,37,18
18,44,31
19,51,44
20,58,57
21,65,70
22,24,83
23,31,96
24,38,9
25,45,22
26,52,35
27,59,48
28,18,61
29,25,74
30,32,87
31,39,100
32,46,13
33,53,26
34,60,39
35,19,52
36,26,65
37,33,78
38,40,91
39,47,4
40,54,17
41,61,30
42,20,43
43,27,56
44,34,69
45,41,82
46,48,95
47,55,8
48,62,21
49,21,34
50,28,47
51,35,60
52,42,73
53,49,86
54,56,99
55,63,12
56,22,25
57,29,38
58,36,51
59,43,64
60,50,77
61,57,90
62,64,3
63,23,16
64,30,29
65,37,42
66,44,55
67,51,68
68,58,81
69,65,94
70,24,7
71,31,20
72,38,33
73,45,46
74,52,59
75,59,72
76,18,85
77,25,98
78,32,11
79,39,24
80,46,37
81,53,50
82,60,63
83,19,76
84,26,89
85,33,2
86,40,15
87,47,28
88,54,41
89,61,54
90,20,67
91,27,80
92,34,93
93,41,6
94,48,19
95,55,32
96,62,45
97,21,58
98,28,71
99,35,84
100,42,97
101,49,10
102,56,23
103,63,36
104,22,49
105,29,62
106,36,75
107,43,88
108,50,1
109,57,14
110,64,27
111,23,40
112,30,53
113,37,66
114,44,79
115,51,92
116,58,5
117,65,18
118,24,31
119,31,44
120,38,57
121,45,70
122,52,83
123,59,96
124,18,9
125,25,22
126,32,35
127,39,48
128,46,61
129,53,74
130,60,87
131,19,100
132,26,13
133,33,26
134,40,39
135,47,52
136,54,65
137,61,78
138,20,91
139,27,4
140,34,17
141,41,30
142,48,43
143,55,56
144,62,69
145,21,82
146,28,95
147,35,8
148,42,21
149,49,34
150,56,47
151,63,60
152,22,73
153,29,86
154,36,99
155,43,12
156,50,25
157,57,38
158,64,51
159,23,64
160,30,77
161,37,90
162,44,3
163,51,16
164,58,29
165,65,42
166,24,55
167,31,68
168,38,81
169,45,94
170,52,7
171,59,20
172,18,33
173,25,46
174,32,59
175,39,72
176,46,85
177,53,98
178,60,11
179,19,24
180,26,37
181,33,50
182,40,63
183,47,76
184,54,89
185,61,2
186,20,15
187,27,28
188,34,41
189,41,54
190,48,67
191,55,80
192,62,93
193,21,6
194,28,19
195,35,32
196,42,45
197,49,58
198,56,71
199,63,84
200,22,97
201,29,10
202,36,23
203,43,36
204,50,49
205,57,62
206,64,75
207,23,88
208,30,1
209,37,14
210,44,27
211,51,40
212,58,53
213,65,66
214,24,79
215,31,92
216,38,5
217,45,18
218,52,31
219,59,44
220,18,57
221,25,70
222,32,83
223,39,96
224,46,9
225,53,22
226,60,35
227,19,48
228,26,61
229,33,74
230,40,87
231,47,100
232,54,13
233,61,26
234,20,39
235,27,52
236,34,65
237,41,78
238,48,91
239,55,4
240,62,17
241,21,30
242,28,43
243,35,56
244,42,69
245,49,82
246,56,95
247,63,8
248,22,21
249,29,34
250,36,47
251,43,60
252,50,73
253,57,86
254,64,99
255,23,12
256,30,25
257,37,38
258,44,51
259,51,64
260,58,77
261,65,90
262,24,3
263,31,16
264,38,29
265,45,42
266,52,55
267,59,68
268,18,81
269,25,94
270,32,7
271,39,20
272,46,33
273,53,46
274,60,59
275,19,72
276,26,85
277,33,98
278,40,11
279,47,24
280,54,37
281,61,50
282,20,63
283,27,76
284,34,89
285,41,2
286,48,15
287,55,28
288,62,41
289,21,54
290,28,67
291,35,80
292,42,93
293,49,6
294,56,19
295,63,32
296,22,45
297,29,58
298,36,71
299,43,84
300,50,97
301,57,10
302,64,23
303,23,36
304,30,49
305,37,62
306,44,75
307,51,88
308,58,1
309,65,14
310,24,27
311,31,40
312,38,53
313,45,66
314,52,79
315,59,92
316,18,5
317,25,18
318,32,31
319,39,44
320,46,57
321,53,70
322,60,83
323,19,96
324,26,9
325,33,22
326,40,35
327,47,48
328,54,61
329,61,74
330,20,87
331,27,100
332,34,13
333,41,26
334,48,39
335,55,52
336,62,65
337,21,78
338,28,91
339,35,4
340,42,17
341,49,30
342,56,43
343,63,56
344,22,69
345,29,82
346,36,95
347,43,8
348,50,21
349,57,34
350,64,47
